{
  "mse": 48.98448609024587,
  "r2": 0.9353291069026644,
  "model": "gbr"
}